Customer_ID,Age,Gender,Total_Spend,Average_Order_Value,Purchase_Frequency,Last_Purchase_Days,Customer_Rating,Complaint_Raised,Return_Count,Churn
C0001,54,Male,1728,576.0,3,98,2,Yes,5,1
C0002,53,Male,3792,316.0,12,48,2,No,0,0
C0003,49,Female,3318,553.0,6,5,2,Yes,3,1
C0004,41,Male,2307,769.0,3,70,1,No,4,1
C0005,46,Female,8390,839.0,10,22,5,Yes,2,1
C0006,22,Female,840,420.0,2,111,3,No,2,0
C0007,40,Female,458,458.0,1,34,5,Yes,0,0
C0008,20,Female,1428,714.0,2,8,3,Yes,0,0
C0009,23,Female,1474,737.0,2,38,5,No,4,0
C0010,21,Male,5776,722.0,8,1,5,Yes,0,0
C0011,48,Male,5060,460.0,11,100,4,Yes,3,1
C0012,38,Male,3630,605.0,6,43,1,No,5,0
C0013,48,Female,1092,364.0,3,55,4,No,2,0
C0014,50,Female,4648,664.0,7,120,1,Yes,4,1
C0015,34,Male,3507,501.0,7,66,2,Yes,5,1
C0016,54,Female,2908,727.0,4,118,2,Yes,2,1
C0017,48,Male,9185,835.0,11,8,3,Yes,1,0
C0018,46,Male,9053,823.0,11,24,4,Yes,3,1
C0019,30,Female,4248,531.0,8,78,3,No,4,0
C0020,55,Female,1570,785.0,2,29,5,Yes,5,1
C0021,39,Female,1191,397.0,3,9,4,No,2,0
C0022,59,Male,1928,482.0,4,119,4,Yes,0,0
C0023,54,Female,2694,449.0,6,75,1,Yes,4,1
C0024,19,Male,8400,700.0,12,113,4,Yes,0,0
C0025,44,Female,4837,691.0,7,114,3,No,1,0
C0026,30,Female,951,317.0,3,47,4,Yes,5,1
C0027,35,Male,1238,619.0,2,107,5,No,0,0
C0028,35,Female,508,508.0,1,1,1,No,0,0
C0029,38,Male,3795,345.0,11,11,4,No,0,0
C0030,50,Female,861,861.0,1,83,1,Yes,3,1
C0031,27,Female,10536,878.0,12,61,1,No,0,0
C0032,51,Female,1118,559.0,2,61,3,No,0,0
C0033,52,Male,2409,803.0,3,49,3,Yes,4,1
C0034,20,Male,6480,648.0,10,15,2,No,2,0
C0035,24,Male,6921,769.0,9,60,2,No,4,0
C0036,22,Female,6000,500.0,12,14,3,No,0,0
C0037,44,Male,1818,303.0,6,79,3,Yes,4,1
C0038,39,Male,10776,898.0,12,60,3,No,2,0
C0039,34,Female,4438,634.0,7,64,3,Yes,2,1
C0040,52,Female,1460,365.0,4,32,1,No,0,0
C0041,38,Female,1196,598.0,2,119,3,No,1,0
C0042,23,Male,1412,353.0,4,52,4,No,4,0
C0043,27,Male,5120,512.0,10,11,2,Yes,1,0
C0044,29,Male,6396,533.0,12,73,2,Yes,2,1
C0045,30,Female,5292,441.0,12,39,5,Yes,2,1
C0046,34,Male,4674,779.0,6,70,5,Yes,4,1
C0047,56,Female,1218,609.0,2,71,1,Yes,5,1
C0048,35,Female,4774,682.0,7,115,3,No,5,0
C0049,46,Female,4186,598.0,7,87,4,No,1,0
C0050,56,Male,1450,725.0,2,93,4,No,3,0
C0051,18,Female,7911,879.0,9,89,5,Yes,3,1
C0052,43,Male,1046,523.0,2,46,5,Yes,1,0
C0053,46,Female,3635,727.0,5,67,1,No,4,0
C0054,40,Female,575,575.0,1,27,1,No,2,0
C0055,20,Female,2640,440.0,6,19,5,No,1,0
C0056,19,Male,3454,314.0,11,9,1,No,2,0
C0057,46,Male,6200,775.0,8,60,4,No,4,0
C0058,55,Male,3092,773.0,4,57,2,Yes,2,1
C0059,28,Female,5964,497.0,12,99,1,Yes,1,0
C0060,50,Female,6080,760.0,8,88,2,No,2,0
C0061,48,Female,5607,801.0,7,102,1,Yes,4,1
C0062,35,Female,5744,718.0,8,90,5,Yes,1,0
C0063,33,Female,1100,550.0,2,69,4,No,1,0
C0064,56,Male,5232,872.0,6,21,2,No,4,0
C0065,56,Female,8088,674.0,12,60,3,No,5,0
C0066,21,Female,4590,510.0,9,72,4,Yes,1,0
C0067,53,Male,6600,825.0,8,19,2,Yes,0,0
C0068,19,Male,346,346.0,1,5,5,Yes,5,1
C0069,24,Male,5368,488.0,11,114,1,No,0,0
C0070,54,Female,3815,763.0,5,25,4,Yes,2,1
C0071,33,Female,3060,340.0,9,20,4,Yes,0,0
C0072,39,Female,3170,634.0,5,77,5,No,0,0
C0073,54,Female,2880,480.0,6,117,3,Yes,2,1
C0074,40,Female,6853,623.0,11,62,3,Yes,3,1
C0075,21,Female,1805,361.0,5,56,4,Yes,3,1
C0076,44,Female,3520,352.0,10,18,2,Yes,3,1
C0077,50,Male,1728,864.0,2,5,3,No,4,0
C0078,60,Female,4205,841.0,5,21,5,Yes,0,0
C0079,21,Male,3654,522.0,7,2,4,Yes,5,1
C0080,46,Female,370,370.0,1,114,3,Yes,5,1
C0081,33,Male,4150,415.0,10,59,3,No,4,0
C0082,56,Female,3078,513.0,6,35,2,Yes,4,1
C0083,40,Male,833,833.0,1,85,1,Yes,1,1
C0084,24,Male,1612,403.0,4,20,1,Yes,3,1
C0085,33,Male,9696,808.0,12,62,1,No,2,0
C0086,24,Male,4446,494.0,9,30,3,Yes,4,1
C0087,24,Male,5411,773.0,7,106,1,Yes,0,0
C0088,30,Female,823,823.0,1,112,1,Yes,2,1
C0089,36,Male,2781,309.0,9,120,3,No,0,0
C0090,32,Female,8064,896.0,9,9,1,No,1,0
C0091,49,Female,3530,353.0,10,66,4,No,0,0
C0092,23,Female,778,778.0,1,88,3,Yes,3,1
C0093,46,Female,748,374.0,2,40,4,No,5,0
C0094,51,Female,3256,407.0,8,68,3,Yes,3,1
C0095,59,Female,4865,695.0,7,23,1,No,4,0
C0096,19,Male,2792,349.0,8,41,4,No,4,0
C0097,38,Female,774,774.0,1,118,2,Yes,3,1
C0098,52,Male,6642,738.0,9,83,2,No,2,0
C0099,40,Male,866,433.0,2,31,1,Yes,5,1
C0100,34,Male,705,705.0,1,8,4,Yes,2,1
C0101,28,Female,1042,521.0,2,35,2,Yes,3,1
C0102,45,Male,8630,863.0,10,84,3,Yes,4,1
C0103,48,Male,1556,778.0,2,50,3,Yes,5,1
C0104,21,Female,3490,698.0,5,58,2,Yes,1,0
C0105,50,Male,7776,648.0,12,53,1,No,3,0
C0106,42,Male,1665,555.0,3,62,1,No,4,1
C0107,19,Male,4936,617.0,8,13,5,No,4,0
C0108,43,Female,6219,691.0,9,100,4,Yes,0,0
C0109,21,Male,1625,325.0,5,48,4,No,0,0
C0110,19,Female,4392,732.0,6,38,3,No,2,0
C0111,60,Female,1416,708.0,2,38,1,Yes,3,1
C0112,21,Male,5370,537.0,10,70,4,Yes,0,0
C0113,53,Female,4510,410.0,11,39,2,No,1,0
C0114,36,Male,1848,462.0,4,17,3,No,0,0
C0115,18,Male,1563,521.0,3,51,2,No,2,0
C0116,47,Male,2073,691.0,3,112,3,No,1,0
C0117,34,Male,2485,497.0,5,103,2,No,5,0
C0118,56,Female,2616,436.0,6,42,5,No,0,0
C0119,49,Male,1612,806.0,2,14,2,No,1,0
C0120,42,Female,482,482.0,1,69,2,No,3,1
C0121,28,Male,6875,625.0,11,112,5,No,5,0
C0122,24,Female,3460,692.0,5,65,1,Yes,3,1
C0123,21,Female,3444,861.0,4,76,5,Yes,0,0
C0124,27,Female,5870,587.0,10,37,3,Yes,1,0
C0125,20,Male,8410,841.0,10,18,1,Yes,2,1
C0126,19,Male,1479,493.0,3,101,4,No,3,0
C0127,40,Male,8037,893.0,9,77,5,Yes,3,1
C0128,53,Female,2004,668.0,3,75,1,No,5,1
C0129,19,Female,2968,424.0,7,102,2,Yes,3,1
C0130,28,Female,5080,508.0,10,28,3,No,4,0
C0131,60,Female,6872,859.0,8,115,1,No,1,0
C0132,28,Female,2296,574.0,4,117,2,No,5,0
C0133,22,Male,5346,486.0,11,13,3,No,3,0
C0134,30,Female,4249,607.0,7,41,3,No,3,0
C0135,36,Female,1845,369.0,5,16,5,No,1,0
C0136,32,Male,3465,315.0,11,100,4,Yes,5,1
C0137,56,Male,3540,708.0,5,19,5,No,1,0
C0138,58,Female,1626,813.0,2,46,4,No,4,0
C0139,18,Female,3080,616.0,5,117,2,Yes,0,0
C0140,37,Male,2127,709.0,3,34,5,No,0,0
C0141,49,Female,3312,828.0,4,54,3,Yes,3,1
C0142,34,Female,5952,496.0,12,84,1,Yes,4,1
C0143,60,Male,5460,455.0,12,114,1,No,0,0
C0144,58,Male,9432,786.0,12,112,5,No,2,0
C0145,44,Male,494,494.0,1,61,2,No,4,1
C0146,50,Female,4730,430.0,11,98,2,No,2,0
C0147,19,Female,3985,797.0,5,90,4,Yes,0,0
C0148,22,Male,5400,900.0,6,100,2,Yes,5,1
C0149,56,Female,1160,580.0,2,120,2,Yes,0,1
C0150,53,Male,817,817.0,1,16,3,No,4,0
C0151,37,Female,673,673.0,1,61,2,No,2,1
C0152,51,Female,2115,705.0,3,73,5,No,0,0
C0153,41,Male,5247,477.0,11,95,2,No,1,0
C0154,28,Female,7070,707.0,10,40,4,Yes,5,1
C0155,18,Male,3152,788.0,4,58,2,No,2,0
C0156,49,Female,7947,883.0,9,40,3,Yes,0,0
C0157,46,Female,8540,854.0,10,44,5,No,2,0
C0158,19,Male,702,351.0,2,56,2,No,4,0
C0159,20,Male,1150,575.0,2,8,1,Yes,2,1
C0160,47,Female,8569,779.0,11,57,2,Yes,1,0
C0161,54,Male,610,305.0,2,91,3,Yes,2,1
C0162,50,Male,1172,586.0,2,69,4,No,5,0
C0163,55,Female,6280,628.0,10,76,1,Yes,3,1
C0164,41,Female,3165,633.0,5,21,5,Yes,2,1
C0165,48,Female,7245,805.0,9,65,3,Yes,5,1
C0166,54,Male,5313,759.0,7,19,4,No,0,0
C0167,29,Female,896,448.0,2,7,3,Yes,0,0
C0168,31,Male,3006,501.0,6,6,2,Yes,4,1
C0169,43,Male,2870,574.0,5,118,5,Yes,4,1
C0170,45,Male,795,795.0,1,46,4,No,0,0
C0171,50,Male,5256,584.0,9,30,5,Yes,0,0
C0172,21,Male,8320,832.0,10,99,3,Yes,3,1
C0173,57,Female,8100,675.0,12,4,2,No,2,0
C0174,22,Female,6448,806.0,8,39,1,Yes,5,1
C0175,43,Female,3997,571.0,7,31,2,No,2,0
C0176,53,Female,5850,650.0,9,69,2,No,4,0
C0177,32,Male,7890,789.0,10,46,2,No,5,0
C0178,32,Female,5782,826.0,7,105,5,Yes,4,1
C0179,36,Female,328,328.0,1,19,1,No,5,0
C0180,49,Male,6560,820.0,8,99,2,No,3,0
C0181,31,Male,1202,601.0,2,56,4,No,4,0
C0182,59,Female,868,868.0,1,26,5,Yes,2,1
C0183,28,Male,1588,794.0,2,112,4,No,2,0
C0184,60,Female,3700,370.0,10,53,2,Yes,3,1
C0185,54,Female,1840,460.0,4,71,4,No,4,0
C0186,33,Female,7601,691.0,11,95,1,No,4,0
C0187,43,Female,3376,422.0,8,5,2,No,0,0
C0188,18,Male,5880,735.0,8,109,3,No,1,0
C0189,54,Male,3180,530.0,6,11,4,Yes,3,1
C0190,38,Male,8305,755.0,11,54,1,No,0,0
C0191,37,Male,9180,765.0,12,43,5,Yes,2,1
C0192,58,Female,4340,434.0,10,56,4,No,5,0
C0193,47,Female,2795,559.0,5,114,5,Yes,5,1
C0194,24,Male,5310,531.0,10,118,1,Yes,4,1
C0195,26,Male,4626,514.0,9,69,3,No,3,0
C0196,50,Female,2420,605.0,4,3,1,No,1,0
C0197,31,Male,6606,734.0,9,52,1,No,4,0
C0198,51,Female,4308,718.0,6,9,1,No,4,0
C0199,43,Female,6688,836.0,8,55,1,Yes,2,1
C0200,58,Male,1650,825.0,2,73,3,Yes,1,0
C0201,60,Male,9432,786.0,12,4,4,Yes,5,1
C0202,45,Female,3870,645.0,6,107,2,No,2,0
C0203,28,Female,5841,649.0,9,97,5,Yes,4,1
C0204,51,Male,5480,548.0,10,113,4,No,5,0
C0205,43,Male,6732,748.0,9,98,5,Yes,4,1
C0206,30,Male,5912,739.0,8,68,5,No,0,0
C0207,56,Female,3728,466.0,8,87,5,No,1,0
C0208,18,Male,2380,340.0,7,73,5,No,2,0
C0209,26,Female,471,471.0,1,39,2,No,4,0
C0210,26,Female,2016,504.0,4,15,5,No,2,0
C0211,49,Female,559,559.0,1,81,4,No,3,0
C0212,24,Male,3024,432.0,7,104,5,No,5,0
C0213,29,Female,5344,668.0,8,103,2,No,0,0
C0214,38,Female,7000,875.0,8,50,1,Yes,2,1
C0215,40,Female,2639,377.0,7,23,2,No,5,0
C0216,49,Female,5052,842.0,6,102,1,No,1,0
C0217,32,Female,427,427.0,1,34,3,No,1,0
C0218,32,Female,2076,519.0,4,20,2,No,5,0
C0219,36,Male,2832,354.0,8,46,5,Yes,0,0
C0220,20,Female,612,612.0,1,62,1,No,0,1
C0221,51,Male,1788,596.0,3,78,2,Yes,1,1
C0222,21,Female,2940,490.0,6,83,5,No,1,0
C0223,29,Male,708,354.0,2,100,5,No,0,0
C0224,59,Female,4998,714.0,7,46,1,No,0,0
C0225,34,Male,3960,495.0,8,45,1,Yes,3,1
C0226,25,Male,3120,520.0,6,51,5,No,4,0
C0227,41,Female,1686,562.0,3,103,3,No,3,0
C0228,43,Male,1203,401.0,3,36,4,Yes,4,1
C0229,27,Female,1252,626.0,2,31,3,Yes,5,1
C0230,32,Female,5201,743.0,7,85,1,No,2,0
C0231,49,Male,3010,430.0,7,18,5,Yes,3,1
C0232,32,Male,2976,496.0,6,52,2,No,0,0
C0233,45,Female,3425,685.0,5,32,5,No,2,0
C0234,22,Female,3525,705.0,5,44,5,No,0,0
C0235,29,Female,9889,899.0,11,105,4,Yes,1,0
C0236,58,Female,3144,786.0,4,106,2,No,1,0
C0237,60,Male,3912,652.0,6,10,2,Yes,1,0
C0238,21,Male,2226,742.0,3,43,5,Yes,3,1
C0239,46,Male,2576,368.0,7,110,3,No,4,0
C0240,26,Female,640,320.0,2,59,3,Yes,1,0
C0241,35,Male,1460,365.0,4,114,1,No,2,0
C0242,37,Female,3240,405.0,8,22,5,No,3,0
C0243,60,Male,4248,531.0,8,104,2,Yes,5,1
C0244,59,Female,3310,662.0,5,60,3,Yes,1,0
C0245,28,Female,4144,518.0,8,24,1,Yes,0,0
C0246,52,Female,7659,851.0,9,85,4,Yes,5,1
C0247,54,Female,3240,648.0,5,80,5,No,0,0
C0248,30,Male,8250,750.0,11,99,5,Yes,1,0
C0249,53,Female,1422,711.0,2,79,5,No,5,0
C0250,38,Female,4433,403.0,11,24,5,Yes,4,1
C0251,54,Female,2028,507.0,4,17,2,No,2,0
C0252,20,Male,3105,621.0,5,62,2,No,2,0
C0253,42,Female,7920,720.0,11,43,3,Yes,5,1
C0254,58,Male,5508,612.0,9,108,2,No,2,0
C0255,60,Male,3640,520.0,7,53,5,No,3,0
C0256,60,Male,4776,597.0,8,102,5,No,4,0
C0257,21,Male,5030,503.0,10,25,1,No,1,0
C0258,59,Female,2118,353.0,6,116,4,Yes,0,0
C0259,31,Female,4522,646.0,7,111,4,Yes,1,0
C0260,38,Male,554,554.0,1,115,1,No,1,1
C0261,39,Female,5418,774.0,7,58,4,Yes,2,1
C0262,22,Female,3432,858.0,4,47,1,Yes,1,0
C0263,29,Female,2280,380.0,6,76,4,No,4,0
C0264,45,Male,9537,867.0,11,104,2,No,2,0
C0265,31,Female,5526,614.0,9,77,5,No,1,0
C0266,50,Male,2547,849.0,3,55,3,Yes,5,1
C0267,34,Female,3400,340.0,10,111,5,No,3,0
C0268,29,Female,2772,308.0,9,70,2,No,5,0
C0269,46,Female,936,312.0,3,47,3,No,3,0
C0270,20,Male,2445,815.0,3,78,2,Yes,2,1
C0271,50,Male,1618,809.0,2,20,3,Yes,2,1
C0272,20,Male,3960,660.0,6,27,5,Yes,3,1
C0273,57,Female,1560,780.0,2,21,3,No,0,0
C0274,29,Male,3455,691.0,5,110,1,No,1,0
C0275,42,Male,9264,772.0,12,113,1,Yes,2,1
C0276,45,Female,342,342.0,1,21,5,Yes,5,1
C0277,47,Female,1430,715.0,2,120,1,No,4,1
C0278,59,Female,5676,516.0,11,117,4,Yes,0,0
C0279,28,Female,3910,782.0,5,88,1,No,2,0
C0280,39,Female,4378,398.0,11,58,1,Yes,5,1
C0281,33,Male,5247,477.0,11,38,1,Yes,1,0
C0282,56,Female,2583,861.0,3,92,2,Yes,3,1
C0283,53,Male,3950,790.0,5,7,2,Yes,5,1
C0284,44,Female,1288,322.0,4,114,2,No,5,0
C0285,56,Female,8800,880.0,10,35,3,No,2,0
C0286,44,Female,9312,776.0,12,106,4,No,1,0
C0287,50,Male,9780,815.0,12,104,1,Yes,3,1
C0288,27,Male,1394,697.0,2,28,3,Yes,1,0
C0289,52,Male,5840,584.0,10,102,4,No,5,0
C0290,27,Female,9240,770.0,12,57,3,Yes,5,1
C0291,38,Male,3984,332.0,12,117,5,No,3,0
C0292,37,Female,758,758.0,1,87,5,No,4,0
C0293,30,Female,3320,830.0,4,34,1,Yes,3,1
C0294,27,Female,9669,879.0,11,68,3,Yes,4,1
C0295,39,Male,7095,645.0,11,51,2,Yes,1,0
C0296,43,Male,9416,856.0,11,29,1,Yes,3,1
C0297,29,Male,4352,544.0,8,6,2,No,4,0
C0298,54,Male,3130,626.0,5,65,1,No,2,0
C0299,36,Female,5201,743.0,7,71,3,No,5,0
C0300,55,Male,10032,836.0,12,102,1,No,4,0
C0301,59,Female,838,838.0,1,82,2,No,3,1
C0302,54,Female,7050,705.0,10,33,3,No,3,0
C0303,60,Female,2625,875.0,3,64,5,Yes,4,1
C0304,48,Female,1806,602.0,3,61,2,No,1,1
C0305,36,Male,2316,386.0,6,59,1,Yes,5,1
C0306,41,Female,5784,723.0,8,67,3,Yes,1,0
C0307,50,Male,5080,635.0,8,69,5,No,4,0
C0308,40,Female,3155,631.0,5,12,2,No,5,0
C0309,52,Male,652,652.0,1,96,1,Yes,5,1
C0310,20,Male,4482,747.0,6,46,3,Yes,5,1
C0311,50,Female,1500,300.0,5,72,5,No,4,0
C0312,23,Female,5400,675.0,8,109,4,Yes,3,1
C0313,50,Male,3230,646.0,5,107,3,No,3,0
C0314,55,Male,1767,589.0,3,112,3,No,4,0
C0315,58,Male,2569,367.0,7,39,3,No,3,0
C0316,28,Female,6293,899.0,7,3,4,No,0,0
C0317,57,Female,9132,761.0,12,92,4,Yes,1,0
C0318,44,Male,1518,506.0,3,93,3,No,1,0
C0319,59,Male,2625,875.0,3,57,4,Yes,3,1
C0320,40,Female,3759,537.0,7,42,3,Yes,1,0
C0321,52,Male,627,627.0,1,41,5,No,1,0
C0322,21,Male,2779,397.0,7,44,5,Yes,3,1
C0323,52,Male,4704,392.0,12,44,4,No,2,0
C0324,32,Female,6740,674.0,10,5,2,No,4,0
C0325,53,Male,3372,562.0,6,65,1,No,4,0
C0326,50,Female,1314,657.0,2,96,4,No,4,0
C0327,60,Female,7524,684.0,11,45,4,Yes,4,1
C0328,23,Female,3504,876.0,4,40,1,Yes,1,0
C0329,48,Male,1602,534.0,3,41,5,No,3,0
C0330,25,Male,556,556.0,1,113,2,No,0,1
C0331,55,Male,3910,391.0,10,119,4,Yes,2,1
C0332,46,Female,1473,491.0,3,24,5,No,1,0
C0333,18,Female,6048,756.0,8,5,4,Yes,5,1
C0334,37,Female,3780,378.0,10,93,3,No,4,0
C0335,44,Male,690,690.0,1,92,4,No,1,0
C0336,49,Female,3420,684.0,5,41,5,No,4,0
C0337,28,Female,6064,758.0,8,77,3,Yes,2,1
C0338,48,Male,7176,897.0,8,27,2,Yes,1,0
C0339,60,Female,2615,523.0,5,19,1,Yes,3,1
C0340,55,Female,7752,646.0,12,108,4,No,4,0
C0341,42,Male,5250,525.0,10,89,1,No,4,0
C0342,40,Male,2180,436.0,5,17,4,No,0,0
C0343,56,Female,5392,674.0,8,15,5,Yes,5,1
C0344,48,Female,6060,606.0,10,119,3,Yes,5,1
C0345,57,Male,7785,865.0,9,97,3,Yes,0,0
C0346,39,Male,8230,823.0,10,41,3,Yes,3,1
C0347,55,Male,1595,319.0,5,11,2,No,4,0
C0348,36,Male,2015,403.0,5,78,2,Yes,1,0
C0349,41,Male,7120,712.0,10,31,2,Yes,1,0
C0350,59,Male,1077,359.0,3,35,3,No,0,0
C0351,54,Female,2454,409.0,6,93,4,No,0,0
C0352,33,Male,2992,748.0,4,15,1,No,1,0
C0353,38,Female,1635,545.0,3,85,1,Yes,0,1
C0354,40,Female,7038,782.0,9,60,3,Yes,5,1
C0355,22,Male,1872,312.0,6,1,3,No,3,0
C0356,19,Female,1798,899.0,2,86,1,Yes,3,1
C0357,32,Female,9252,771.0,12,10,2,No,4,0
C0358,28,Male,884,442.0,2,76,1,Yes,4,1
C0359,23,Female,753,753.0,1,2,3,Yes,2,1
C0360,53,Male,5052,842.0,6,53,4,No,2,0
C0361,28,Male,1895,379.0,5,2,2,Yes,5,1
C0362,18,Female,1353,451.0,3,107,1,Yes,4,1
C0363,39,Female,6138,558.0,11,81,3,Yes,0,0
C0364,20,Male,9528,794.0,12,81,3,Yes,2,1
C0365,38,Female,6936,578.0,12,4,4,No,3,0
C0366,55,Female,825,825.0,1,120,4,No,1,0
C0367,58,Female,5820,485.0,12,28,5,Yes,0,0
C0368,57,Female,6704,838.0,8,85,2,No,1,0
C0369,27,Male,5264,752.0,7,59,5,Yes,1,0
C0370,45,Female,2142,714.0,3,94,2,Yes,4,1
C0371,41,Male,1076,538.0,2,58,3,No,4,0
C0372,53,Male,872,872.0,1,51,4,Yes,2,1
C0373,39,Female,2640,440.0,6,70,4,Yes,3,1
C0374,47,Male,5502,786.0,7,13,3,Yes,4,1
C0375,24,Female,1745,349.0,5,43,2,Yes,4,1
C0376,43,Female,5810,830.0,7,103,2,Yes,2,1
C0377,38,Female,1905,381.0,5,102,4,Yes,2,1
C0378,53,Male,3016,377.0,8,103,3,No,0,0
C0379,32,Female,550,550.0,1,30,1,Yes,2,1
C0380,23,Female,1244,311.0,4,12,4,No,1,0
C0381,51,Female,6237,891.0,7,46,5,Yes,1,0
C0382,37,Male,407,407.0,1,59,4,Yes,4,1
C0383,27,Female,3848,481.0,8,97,1,No,5,0
C0384,30,Male,636,636.0,1,102,1,Yes,1,1
C0385,55,Male,1227,409.0,3,47,1,No,5,0
C0386,57,Male,1214,607.0,2,6,4,No,1,0
C0387,34,Male,2984,746.0,4,96,1,Yes,5,1
C0388,20,Female,3520,352.0,10,114,3,Yes,0,0
C0389,58,Female,4180,380.0,11,83,2,No,0,0
C0390,45,Male,400,400.0,1,75,4,No,3,0
C0391,37,Female,1503,501.0,3,116,4,No,1,0
C0392,55,Female,5512,689.0,8,26,3,No,5,0
C0393,48,Female,8690,790.0,11,61,4,Yes,3,1
C0394,35,Male,4361,623.0,7,67,5,Yes,2,1
C0395,18,Female,633,633.0,1,79,2,No,3,1
C0396,55,Male,4494,749.0,6,88,3,No,0,0
C0397,29,Female,1394,697.0,2,90,3,No,5,0
C0398,32,Female,842,421.0,2,105,2,Yes,1,1
C0399,52,Female,7065,785.0,9,66,1,No,4,0
C0400,48,Male,2178,726.0,3,28,3,No,1,0
C0401,22,Male,4000,400.0,10,48,2,No,3,0
C0402,45,Male,4376,547.0,8,114,1,No,3,0
C0403,42,Male,2286,762.0,3,83,3,Yes,0,0
C0404,40,Male,4626,771.0,6,85,1,Yes,5,1
C0405,30,Female,1854,618.0,3,105,2,No,4,1
C0406,41,Female,2352,336.0,7,53,5,No,3,0
C0407,37,Female,2900,725.0,4,85,2,Yes,3,1
C0408,47,Male,1914,319.0,6,98,1,Yes,2,1
C0409,58,Female,1743,581.0,3,66,5,Yes,2,1
C0410,32,Male,2028,507.0,4,80,4,Yes,4,1
C0411,38,Female,2700,450.0,6,19,2,No,4,0
C0412,19,Female,5130,513.0,10,110,2,No,3,0
C0413,43,Male,1704,568.0,3,97,5,Yes,4,1
C0414,47,Female,2784,348.0,8,51,5,Yes,2,1
C0415,39,Male,6348,529.0,12,51,4,Yes,4,1
C0416,44,Female,6041,863.0,7,81,4,Yes,0,0
C0417,37,Male,2702,386.0,7,82,1,Yes,5,1
C0418,20,Male,988,494.0,2,81,4,No,1,0
C0419,35,Male,3248,812.0,4,54,2,Yes,5,1
C0420,59,Female,4100,820.0,5,42,4,No,1,0
C0421,54,Male,1594,797.0,2,39,5,Yes,5,1
C0422,22,Male,6600,550.0,12,59,1,No,2,0
C0423,24,Female,8420,842.0,10,26,5,Yes,5,1
C0424,27,Male,2905,581.0,5,98,2,No,2,0
C0425,36,Female,4212,351.0,12,16,3,No,0,0
C0426,44,Male,6104,763.0,8,89,2,Yes,4,1
C0427,34,Male,2016,336.0,6,12,1,No,3,0
C0428,38,Female,358,358.0,1,98,4,Yes,3,1
C0429,49,Female,7140,714.0,10,34,3,Yes,2,1
C0430,51,Male,4560,456.0,10,82,4,Yes,2,1
C0431,18,Female,2408,301.0,8,119,4,No,4,0
C0432,19,Female,4365,873.0,5,115,5,Yes,2,1
C0433,47,Female,4144,518.0,8,18,5,Yes,3,1
C0434,22,Female,6624,736.0,9,37,2,No,3,0
C0435,52,Male,2408,602.0,4,62,4,No,2,0
C0436,22,Male,1479,493.0,3,20,1,No,4,0
C0437,50,Female,4697,671.0,7,29,5,No,0,0
C0438,33,Male,8877,807.0,11,53,4,No,3,0
C0439,40,Female,3252,813.0,4,63,2,Yes,0,0
C0440,38,Female,6816,568.0,12,52,3,No,2,0
C0441,51,Male,3136,784.0,4,113,3,No,5,0
C0442,45,Female,5064,844.0,6,43,1,No,4,0
C0443,60,Female,1320,440.0,3,81,1,Yes,5,1
C0444,55,Male,5200,650.0,8,81,3,No,2,0
C0445,32,Female,6750,675.0,10,17,1,No,1,0
C0446,45,Male,4532,412.0,11,63,4,Yes,1,0
C0447,42,Male,8173,743.0,11,87,5,No,1,0
C0448,20,Female,5096,637.0,8,58,2,No,4,0
C0449,57,Male,713,713.0,1,40,4,Yes,5,1
C0450,20,Male,3120,624.0,5,36,4,Yes,5,1
C0451,37,Male,662,662.0,1,6,4,Yes,3,1
C0452,56,Male,1604,401.0,4,102,3,No,3,0
C0453,53,Female,1642,821.0,2,110,1,Yes,4,1
C0454,37,Female,3000,375.0,8,14,5,No,5,0
C0455,59,Female,3915,783.0,5,46,5,Yes,5,1
C0456,39,Female,3285,657.0,5,112,5,No,1,0
C0457,35,Female,6363,707.0,9,67,5,No,2,0
C0458,33,Male,3474,386.0,9,60,4,Yes,4,1
C0459,39,Female,627,627.0,1,100,3,No,2,0
C0460,23,Female,1578,789.0,2,61,1,Yes,2,1
C0461,19,Female,10104,842.0,12,7,1,No,0,0
C0462,49,Female,5572,796.0,7,61,3,No,3,0
C0463,48,Male,4088,511.0,8,10,2,No,4,0
C0464,32,Male,3450,345.0,10,30,2,No,1,0
C0465,42,Male,2036,509.0,4,10,2,Yes,1,0
C0466,45,Female,6597,733.0,9,88,3,Yes,1,0
C0467,19,Male,4548,379.0,12,5,4,Yes,1,0
C0468,45,Male,1374,458.0,3,50,1,No,1,0
C0469,37,Male,7578,842.0,9,109,5,No,3,0
C0470,35,Male,5621,511.0,11,30,1,Yes,1,0
C0471,33,Female,452,452.0,1,46,5,No,1,0
C0472,36,Female,4960,496.0,10,61,3,No,2,0
C0473,38,Female,3905,781.0,5,65,5,Yes,5,1
C0474,40,Female,2223,741.0,3,21,5,Yes,3,1
C0475,54,Male,724,724.0,1,96,5,No,3,0
C0476,44,Male,5298,883.0,6,17,5,No,2,0
C0477,32,Female,674,337.0,2,1,2,No,0,0
C0478,23,Male,730,365.0,2,53,2,No,2,0
C0479,25,Male,1812,302.0,6,62,2,No,3,0
C0480,18,Female,3052,436.0,7,63,5,Yes,1,0
C0481,48,Female,2360,472.0,5,115,1,Yes,3,1
C0482,27,Male,3592,898.0,4,101,3,No,1,0
C0483,21,Female,3528,441.0,8,50,4,Yes,3,1
C0484,60,Male,5028,419.0,12,6,5,No,1,0
C0485,39,Female,9196,836.0,11,7,3,Yes,0,0
C0486,39,Male,2520,504.0,5,62,1,Yes,2,1
C0487,36,Male,752,752.0,1,10,1,No,5,0
C0488,59,Male,9696,808.0,12,8,1,Yes,1,0
C0489,41,Male,2133,711.0,3,54,4,No,4,0
C0490,41,Female,7000,700.0,10,47,2,Yes,4,1
C0491,56,Female,2615,523.0,5,70,1,Yes,3,1
C0492,38,Male,3395,485.0,7,109,2,Yes,4,1
C0493,37,Female,2172,362.0,6,111,4,No,2,0
C0494,22,Female,2448,612.0,4,3,4,Yes,5,1
C0495,40,Female,5784,723.0,8,39,5,Yes,5,1
C0496,43,Female,6699,609.0,11,55,3,No,0,0
C0497,32,Female,3295,659.0,5,56,1,No,2,0
C0498,29,Male,1701,567.0,3,96,4,No,1,0
C0499,31,Male,8330,833.0,10,87,4,No,1,0
C0500,25,Male,3888,648.0,6,117,5,Yes,4,1
